﻿Designator,Footprint,Quantity,Value,LCSC Part #
"C1, C3, C5",1210,3,2.2uF,
"C10, C11, C12",1210,3,47uF,
"C13, C14, C15, C16, C20, C21",0402,6,100nF,
C17,0402,1,1uF,
C18,0402,1,10uF,
C19,0402,1,10nF,
C2,0402,1,2.4nF,
"C22, C24",0603,2,20pF,
C4,0402,1,1.8pF,
C6,0603,1,470uF,
C7,0805,1,0.1uF,
"C8, C9",0402,2,330uF,
D2,D_SOD-123,1,MBR0540,
D3,D_SMC,1,B360,
D4,0402,1,GREEN,
D5,0402,1,RED,
D6,0402,1,BLUE,
D7,D_MiniMELF,1,LL4148,
D8,D_SMA,1,SMAJ40A,
FB1,0402,1,FerriteBead,
J1,AMASS_XT30U-M_1x02_P5.0mm_Vertical,1,Conn_01x02_Socket,
"J10, J11",PinSocket_1x08_P2.54mm_Vertical,2,Conn_01x08_Socket,
J12,Molex_KK-254_AE-6410-04A_1x04_P2.54mm_Vertical,1,Conn_01x04_Socket,
"J2, J4",Hirose_DF13-04P-1.25DSA_1x04_P1.25mm_Vertical,2,Conn_01x04_Socket,
J5,Hirose_DF13-07P-1.25DS_1x07_P1.25mm_Horizontal,1,Conn_01x07_Socket,
"J6, J8",Hirose_DF13-02P-1.25DSA_1x02_P1.25mm_Vertical,2,Conn_01x02_Socket,
J7,Hirose_DF13-04P-1.25DS_1x04_P1.25mm_Horizontal,1,Conn_01x04_Socket,
J9,PinHeader_1x02_P1.00mm_Vertical,1,Conn_01x02_Pin,
L1,L_Bourns-SRN4018,1,47uH,
L2,L_6.3x6.3_H3,1,33uH,
Q1,SOT-23,1,AO3400A,
R1,0402,1,63.4k,
R10,0402,1,4.7k,
R11,0603,1,4.7k,
"R12, R15, R7, R8",0402,4,10k,
"R13, R14",0402,2,330R,
R16,0402,1,120R,
R17,0402,1,1k,
R2,0402,1,33R,
R3,0402,1,35R,
R4,0402,1,225k,
R5,0402,1,348k,
R6,0402,1,12.1k,
R9,0402,1,100R,
SW1,SW_Push_1P1T_NO_CK_KMR2,1,SW_Push,
U1,Texas_R-PDSO-G8_EP2.95x4.9mm_Mask2.4x3.1mm_ThermalVias,1,TPS54560BDDA,
U2,SOIC-8_3.9x4.9mm_P1.27mm,1,XL1509-3.3,
U3,SOIC-8_3.9x4.9mm_P1.27mm,1,SN65HVD230,
U4,LQFP-48_7x7mm_P0.5mm,1,STM32F103C8Tx,
Y1,Crystal_SMD_5032-2Pin_5.0x3.2mm,1,Crystal,
